{"train/box_loss": 0.92367, "train/cls_loss": 1.62722, "train/dfl_loss": 1.20977, "_timestamp": 1685418106.8047462, "lr/pg0": 0.07009554140127389, "lr/pg1": 0.0033227176220806797, "lr/pg2": 0.0033227176220806797, "metrics/precision(B)": 0.76499, "metrics/recall(B)": 0.78198, "metrics/mAP50(B)": 0.81881, "metrics/mAP50-95(B)": 0.62107, "val/box_loss": 0.84459, "val/cls_loss": 0.8456, "val/dfl_loss": 1.09428, "model/parameters": 11143340, "model/GFLOPs": 28.688, "model/speed(ms)": 1.263, "_runtime": 124.25381422042847, "_step": 1, "_wandb": {"runtime": 123}}